feature,importance,normalized_importance,cumulative_importance
Census_InternalPrimaryDiagonalDisplaySizeInInches,270284,0.14165828092243188,0.14165828092243188
AvSigVersion,98186,0.051460167714884694,0.1931184486373166
CityIdentifier,93251,0.04887368972746331,0.2419921383647799
Census_SystemVolumeTotalCapacity,81049,0.042478511530398326,0.28447064989517823
Census_FirmwareVersionIdentifier,75189,0.039407232704402516,0.3238778825995807
CountryIdentifier,73676,0.03861425576519916,0.3624921383647799
Census_ProcessorModelIdentifier,72973,0.0382458071278826,0.4007379454926625
Census_OEMModelIdentifier,67656,0.035459119496855346,0.4361970649895178
Census_OSInstallTypeName,59601,0.0312374213836478,0.46743448637316565
AVProductStatesIdentifier,58013,0.030405136268343815,0.49783962264150944
Census_OSVersion,54884,0.028765199161425576,0.526604821802935
Census_OSBuildRevision,53673,0.02813050314465409,0.554735324947589
LocaleEnglishNameIdentifier,50919,0.026687106918238994,0.581422431865828
GeoNameIdentifier,50319,0.026372641509433963,0.607795073375262
Census_ChassisTypeName,40421,0.021185010482180293,0.6289800838574422
Wdft_RegionIdentifier,39666,0.02078930817610063,0.6497693920335428
Census_OSBranch,39011,0.02044601677148847,0.6702154088050313
AppVersion,38775,0.020322327044025156,0.6905377358490564
Census_OEMNameIdentifier,35830,0.018778825995807127,0.7093165618448636
SmartScreen,30704,0.01609224318658281,0.7254088050314464
Census_PrimaryDiskTotalCapacity,30287,0.01587368972746331,0.7412824947589097
EngineVersion,27304,0.01431027253668763,0.7555927672955973
OsBuildLab,26066,0.013661425576519916,0.7692541928721173
Census_OSUILocaleIdentifier,25556,0.01339412997903564,0.7826483228511529
Census_OSInstallLanguageIdentifier,25026,0.013116352201257862,0.7957646750524108
Census_FirmwareManufacturerIdentifier,23694,0.012418238993710692,0.8081829140461214
Census_InternalBatteryNumberOfCharges,23198,0.012158280922431866,0.8203411949685533
OsPlatformSubRelease,22105,0.011585429769392034,0.8319266247379453
OrganizationIdentifier,21588,0.01131446540880503,0.8432410901467503
IeVerIdentifier,20878,0.010942348008385745,0.8541834381551361
Census_TotalPhysicalRAM,20773,0.010887316561844863,0.8650707547169809
Census_OSEdition,19777,0.010365303983228512,0.8754360587002095
Census_ProcessorCoreCount,18746,0.009824947589098533,0.885261006289308
Census_ActivationChannel,17900,0.009381551362683439,0.8946425576519915
Census_OSWUAutoUpdateOptionsName,17534,0.00918972746331237,0.9038322851153039
Wdft_IsGamer,15802,0.008281970649895179,0.9121142557651991
Census_MDC2FormFactor,13152,0.006893081761006289,0.9190073375262054
Census_InternalPrimaryDisplayResolutionHorizontal,12603,0.006605345911949685,0.9256126834381552
Census_InternalPrimaryDisplayResolutionVertical,11552,0.0060545073375262055,0.9316671907756814
Census_OSSkuName,11413,0.005981656184486373,0.9376488469601678
Census_PrimaryDiskTypeName,9329,0.004889412997903564,0.9425382599580714
DefaultBrowsersIdentifier,8945,0.004688155136268344,0.9472264150943397
AVProductsInstalled,8838,0.004632075471698113,0.9518584905660378
Census_GenuineStateName,8427,0.004416666666666667,0.9562751572327044
Census_InternalBatteryType,7433,0.0038957023060796647,0.9601708595387841
OsBuild,5835,0.0030581761006289307,0.9632290356394131
RtpStateBitfield,5370,0.0028144654088050314,0.9660435010482181
Census_PowerPlatformRoleName,4637,0.002430293501048218,0.9684737945492663
Census_OSBuildNumber,4501,0.002359014675052411,0.9708328092243187
Census_IsSecureBootEnabled,4428,0.002320754716981132,0.9731535639412998
SkuEdition,4244,0.0022243186582809223,0.9753778825995807
Census_FlightRing,3812,0.0019979035639413,0.9773757861635219
SMode,3775,0.001978511530398323,0.9793542976939202
Firewall,3592,0.0018825995807127882,0.981236897274633
OsSuite,3271,0.0017143605870020965,0.9829512578616352
Census_ThresholdOptIn,3211,0.0016829140461215933,0.9846341719077568
AVProductsEnabled,3174,0.0016635220125786163,0.9862976939203354
IsProtected,3145,0.0016483228511530398,0.9879460167714884
Census_IsFlightingInternal,3019,0.0015822851153039833,0.9895283018867924
Census_IsWIMBootEnabled,2795,0.0014648846960167714,0.9909931865828092
IsSxsPassiveMode,2405,0.001260482180293501,0.9922536687631027
Census_HasOpticalDiskDrive,2065,0.0010822851153039833,0.9933359538784067
Processor,1803,0.0009449685534591195,0.9942809224318658
Census_OSArchitecture,1589,0.0008328092243186583,0.9951137316561844
Census_IsTouchEnabled,1589,0.0008328092243186583,0.995946540880503
Census_ProcessorManufacturerIdentifier,1057,0.0005539832285115304,0.9965005241090146
Census_IsVirtualDevice,925,0.00048480083857442346,0.996985324947589
UacLuaenable,890,0.00046645702306079664,0.9974517819706498
Platform,807,0.0004229559748427673,0.9978747379454925
Census_IsAlwaysOnAlwaysConnectedCapable,660,0.0003459119496855346,0.9982206498951781
Census_ProcessorClass,652,0.0003417190775681342,0.9985623689727462
Census_IsPenCapable,636,0.0003333333333333333,0.9988957023060795
Census_IsFlightsDisabled,617,0.0003233752620545073,0.999219077568134
HasTpm,525,0.0002751572327044025,0.9994942348008384
PuaMode,312,0.00016352201257861635,0.9996577568134171
OsVer,307,0.00016090146750524109,0.9998186582809223
Census_IsPortableOperatingSystem,272,0.00014255765199161426,0.9999612159329139
ProductName,60,3.144654088050314e-05,0.9999926624737944
Census_DeviceFamily,14,7.337526205450734e-06,0.9999999999999998
AutoSampleOptIn,0,0.0,0.9999999999999998
IsBeta,0,0.0,0.9999999999999998
